kernel,model,a,tau_or_gamma,c0,SSE
self,exponential,12.361719935861622,0.19691478724924585,0.06950107644332157,0.02233662424419291
self,powerlaw,0.07697939410046802,12.610281455447083,0.069543386880215,0.02233658460036348
neighbor,exponential,1.366729695987742,3.595955610152635,-0.06030897687886661,7.291280824687457
neighbor,powerlaw,3.1856231174981806,39.97247783014751,0.10398945188486469,0.044843044931962776
